"Patient_ID","Age","Sex","Treatment","Enrollment_Date","Country"
"P001",34,"Male","Drug A",2026-01-05,"India"
"P002",52,"Female","Drug B",2026-01-08,"India"
"P003",41,"Male","Drug A",2026-01-12,"India"
"P004",29,"Female","Placebo",2026-01-15,"India"
"P005",63,"Male","Drug B",2026-01-20,"India"
"P006",47,"Female","Drug A",2026-01-22,"India"
"P007",38,"Male","Placebo",2026-01-25,"India"
"P008",56,"Female","Drug B",2026-02-01,"India"
"P009",45,"Male","Drug A",2026-02-05,"India"
"P010",31,"Female","Placebo",2026-02-10,"India"
"P011",27,"Female","Drug A",2026-02-14,"India"
"P012",59,"Male","Drug B",2026-02-18,"India"
"P013",43,"Female","Placebo",2026-02-20,"India"
"P014",36,"Male","Drug A",2026-02-24,"India"
"P015",48,"Female","Drug B",2026-02-27,"India"
